Approximate Online ID,Estimated Date
711,2013-08-27
1806,2013-09-10
13794,2013-10-21
66977,2013-11-23
107489,2013-12-16
162095,2014-01-20
326518,2014-03-09
466828,2014-04-02
879676,2014-05-27
1155389,2014-06-26
1231642,2014-07-03
1692658,2014-08-13
2184534,2014-09-25
2316449,2014-10-06
2754250,2014-11-06
3648373,2014-12-20
4472994,2015-01-26
4825000,2015-02-10
5503287,2015-03-07
6703162,2015-04-23
7237194,2015-05-11
8675874,2015-06-23
9493200,2015-07-14
10845255,2015-08-21
11370088,2015-09-01
13170861,2015-10-16
15283156,2015-12-28
16085801,2016-01-22
17138148,2016-02-22
18329180,2016-03-28
19147847,2016-04-23
20182752,2016-05-27
20650862,2016-06-11
21798713,2016-07-18
22485602,2016-08-09
25205491,2016-09-29
25817828,2016-10-23
26555679,2016-11-21
27550136,2016-12-26
28384582,2017-01-18
29283025,2017-02-05
30579075,2017-03-02
32492874,2017-04-11
34047684,2017-05-21
35113308,2017-06-23
35834601,2017-07-16
36967021,2017-08-23
37652551,2017-09-19
38327872,2017-10-17
39331852,2017-11-24
39702050,2017-12-06
41656549,2018-01-30
42897355,2018-02-28
43262173,2018-03-09
44406558,2018-04-05
45967927,2018-05-22
46999275,2018-06-26
47372243,2018-07-10
48354387,2018-08-19
49416374,2018-10-07
50090448,2018-11-04
51274551,2018-12-22
52218079,2019-01-24
53029166,2019-02-20
54635870,2019-03-22
54849390,2019-04-04
55379872,2019-05-05
56224048,2019-06-26
56353500,2019-07-04
56954950,2019-08-12
57283086,2019-09-04
57650304,2019-10-03
58066969,2019-11-03
58619181,2019-12-11
59440963,2020-01-30
59470500,2020-02-01
60450905,2020-03-26
60909900,2020-04-15
61261546,2020-05-01
61939577,2020-06-03
62764255,2020-07-15
63728001,2020-08-30
63980970,2020-09-13
64528706,2020-10-13
65492646,2020-11-30
65765324,2020-12-14
66401139,2021-01-13
67842906,2021-03-24
68221593,2021-04-09
69398986,2021-05-24
70222095,2021-06-15
70990387,2021-07-05
72465280,2021-08-12
73701570,2021-09-16
74264805,2021-10-03
76267896,2021-12-04
77372437,2022-01-15
77941323,2022-02-07
78990402,2022-03-24
79767816,2022-04-26
80018038,2022-05-07
80673983,2022-06-02
82004265,2022-07-20
83210100,2022-08-29
84118546,2022-09-28
84976983,2022-10-25
85437293,2022-11-07
86560927,2022-12-10
87797898,2023-01-16
89192876,2023-03-10
90251485,2023-04-23
90533017,2023-05-06
91181127,2023-06-01
92785030,2023-07-26
92997639,2023-08-02
94892538,2023-09-28
95120616,2023-10-05
96293416,2023-11-08
97089305,2023-12-06
